INSERT INTO `sys_attachmentsetting` (`id`, `limitFileExtention`, `ft`, `lt`, `fu`, `lu`, `type`, `ftpAddress`, `ftpPort`, `ftpPath`, `ftpUserName`, `ftpPassword`) VALUES ('20120529172911015406605916273091', 'exe;com;dll;ocx;vbx;bat;pif', '2012-05-29 17:29:11', '2015-03-10 14:23:24', '20120507134700000110225236178825', NULL, '0', '', '', '', '', '');
INSERT INTO `sys_attachmentconfig` (`id`, `code`, `saveDir`, `dirLevel`, `fileSize`, `fileCount`, `extension`, `description`, `ft`, `lt`, `fu`, `lu`) VALUES ('20120529172911031725770385248824', 'default', 'e:/temp', 1, 500, 5, '', '', '2012-05-29 17:29:11', NULL, '20120507134700000110225236178825', NULL);
INSERT INTO `sys_attachmentconfig` (`id`, `code`, `saveDir`, `dirLevel`, `fileSize`, `fileCount`, `extension`, `description`, `ft`, `lt`, `fu`, `lu`) VALUES ('20130413143416257473632078172989', 'sys_ueditor', 'e:/temp', 1, NULL, NULL, '', '', '2013-04-13 14:34:16', NULL, '20120507134700000110225236178825', NULL);
INSERT INTO `sys_attachmentconfig` (`id`, `code`, `saveDir`, `dirLevel`, `fileSize`, `fileCount`, `extension`, `description`, `ft`, `lt`, `fu`, `lu`) VALUES ('20150310164241615718675493153174', 'userPhoto', 'd:/temp', 3, NULL, 3, '', '用户头像', '2015-03-10 16:42:41', NULL, NULL, NULL);

INSERT INTO `sys_dictionary` (`id`, `name`, `code`, `description`, `kind`, `enableFlag`, `editableFlag`, `systemFlag`, `ft`, `lt`, `fu`, `lu`) VALUES ('20150319164404014069633896457756', '行政区', 'testregion', NULL, '1', NULL, '1', NULL, '2015-03-19 16:44:04', '2015-03-20 16:19:12', NULL, NULL);
INSERT INTO `sys_dictionary` (`id`, `name`, `code`, `description`, `kind`, `enableFlag`, `editableFlag`, `systemFlag`, `ft`, `lt`, `fu`, `lu`) VALUES ('20150320133816442823746892497061', '性别', 'sex', NULL, '0', NULL, '1', NULL, '2015-03-20 13:38:16', NULL, NULL, NULL);
INSERT INTO `sys_dictionary` (`id`, `name`, `code`, `description`, `kind`, `enableFlag`, `editableFlag`, `systemFlag`, `ft`, `lt`, `fu`, `lu`) VALUES ('20150320133835075948615051431634', '国家', 'guojia', NULL, '0', NULL, '1', NULL, '2015-03-20 13:38:35', NULL, NULL, NULL);
INSERT INTO `sys_dictionary` (`id`, `name`, `code`, `description`, `kind`, `enableFlag`, `editableFlag`, `systemFlag`, `ft`, `lt`, `fu`, `lu`) VALUES ('20150320134109004086462870140821', '水果', 'shuiguo', NULL, '0', NULL, '1', NULL, '2015-03-20 13:41:09', NULL, NULL, NULL);

INSERT INTO `sys_dictionaryvalue` (`id`, `id_dictionary`, `id_parent`, `code`, `value`, `valueI18n`, `num`, `description`, `enableFlag`, `editableFlag`, `systemFlag`, `ft`, `lt`, `fu`, `lu`) VALUES ('20150320132155471736290518403607', '20150319164404014069633896457756', NULL, 'hlj', '黑龙江', NULL, 1, NULL, '1', NULL, NULL, '2015-03-20 13:21:55', NULL, NULL, NULL);
INSERT INTO `sys_dictionaryvalue` (`id`, `id_dictionary`, `id_parent`, `code`, `value`, `valueI18n`, `num`, `description`, `enableFlag`, `editableFlag`, `systemFlag`, `ft`, `lt`, `fu`, `lu`) VALUES ('20150320132208686338346987945036', '20150319164404014069633896457756', NULL, 'bj', '北京', NULL, 2, NULL, '1', NULL, NULL, '2015-03-20 13:22:08', NULL, NULL, NULL);
INSERT INTO `sys_dictionaryvalue` (`id`, `id_dictionary`, `id_parent`, `code`, `value`, `valueI18n`, `num`, `description`, `enableFlag`, `editableFlag`, `systemFlag`, `ft`, `lt`, `fu`, `lu`) VALUES ('20150320132229520237825728748691', '20150319164404014069633896457756', NULL, 'sichuan', '四川', NULL, 3, NULL, '1', NULL, NULL, '2015-03-20 13:22:29', NULL, NULL, NULL);
INSERT INTO `sys_dictionaryvalue` (`id`, `id_dictionary`, `id_parent`, `code`, `value`, `valueI18n`, `num`, `description`, `enableFlag`, `editableFlag`, `systemFlag`, `ft`, `lt`, `fu`, `lu`) VALUES ('20150320132256479706125468708025', '20150319164404014069633896457756', '20150320132155471736290518403607', 'haerbin', '哈尔滨', NULL, 1, NULL, '1', NULL, NULL, '2015-03-20 13:22:56', NULL, NULL, NULL);
INSERT INTO `sys_dictionaryvalue` (`id`, `id_dictionary`, `id_parent`, `code`, `value`, `valueI18n`, `num`, `description`, `enableFlag`, `editableFlag`, `systemFlag`, `ft`, `lt`, `fu`, `lu`) VALUES ('20150320132411928534570069917691', '20150319164404014069633896457756', '20150320132155471736290518403607', 'mudanjiang', '牡丹江', NULL, 2, NULL, '1', NULL, NULL, '2015-03-20 13:24:11', NULL, NULL, NULL);
INSERT INTO `sys_dictionaryvalue` (`id`, `id_dictionary`, `id_parent`, `code`, `value`, `valueI18n`, `num`, `description`, `enableFlag`, `editableFlag`, `systemFlag`, `ft`, `lt`, `fu`, `lu`) VALUES ('20150320132448820446576725503985', '20150319164404014069633896457756', '20150320132208686338346987945036', 'haidian', '海淀区', NULL, 1, NULL, '1', NULL, NULL, '2015-03-20 13:24:48', NULL, NULL, NULL);
INSERT INTO `sys_dictionaryvalue` (`id`, `id_dictionary`, `id_parent`, `code`, `value`, `valueI18n`, `num`, `description`, `enableFlag`, `editableFlag`, `systemFlag`, `ft`, `lt`, `fu`, `lu`) VALUES ('20150320132507670438728911217691', '20150319164404014069633896457756', '20150320132208686338346987945036', 'chaoyangqu', '朝阳区', NULL, 2, NULL, '1', NULL, NULL, '2015-03-20 13:25:07', NULL, NULL, NULL);
INSERT INTO `sys_dictionaryvalue` (`id`, `id_dictionary`, `id_parent`, `code`, `value`, `valueI18n`, `num`, `description`, `enableFlag`, `editableFlag`, `systemFlag`, `ft`, `lt`, `fu`, `lu`) VALUES ('20150320132548674682712150051305', '20150319164404014069633896457756', '20150320132229520237825728748691', 'chengdu', '成都', NULL, 1, NULL, '1', NULL, NULL, '2015-03-20 13:25:48', NULL, NULL, NULL);
INSERT INTO `sys_dictionaryvalue` (`id`, `id_dictionary`, `id_parent`, `code`, `value`, `valueI18n`, `num`, `description`, `enableFlag`, `editableFlag`, `systemFlag`, `ft`, `lt`, `fu`, `lu`) VALUES ('20150320132702689527604142060266', '20150319164404014069633896457756', '20150320132229520237825728748691', 'jiouzhaigou', '九寨沟', NULL, 2, NULL, '1', NULL, NULL, '2015-03-20 13:27:02', NULL, NULL, NULL);
INSERT INTO `sys_dictionaryvalue` (`id`, `id_dictionary`, `id_parent`, `code`, `value`, `valueI18n`, `num`, `description`, `enableFlag`, `editableFlag`, `systemFlag`, `ft`, `lt`, `fu`, `lu`) VALUES ('20150320132739811126726985141051', '20150319164404014069633896457756', '20150320132155471736290518403607', 'daqing', '大庆', NULL, 3, NULL, '1', NULL, NULL, '2015-03-20 13:27:39', NULL, NULL, NULL);
INSERT INTO `sys_dictionaryvalue` (`id`, `id_dictionary`, `id_parent`, `code`, `value`, `valueI18n`, `num`, `description`, `enableFlag`, `editableFlag`, `systemFlag`, `ft`, `lt`, `fu`, `lu`) VALUES ('20150320132820010154242220064582', '20150319164404014069633896457756', '20150320132256479706125468708025', 'daoliqu', '道里区', NULL, 1, NULL, '1', NULL, NULL, '2015-03-20 13:28:20', NULL, NULL, NULL);
INSERT INTO `sys_dictionaryvalue` (`id`, `id_dictionary`, `id_parent`, `code`, `value`, `valueI18n`, `num`, `description`, `enableFlag`, `editableFlag`, `systemFlag`, `ft`, `lt`, `fu`, `lu`) VALUES ('20150320132839194481658112399080', '20150319164404014069633896457756', '20150320132256479706125468708025', 'daowaiqu', '道外区', NULL, 4, NULL, '1', NULL, NULL, '2015-03-20 13:28:39', '2015-03-20 13:28:47', NULL, NULL);
INSERT INTO `sys_dictionaryvalue` (`id`, `id_dictionary`, `id_parent`, `code`, `value`, `valueI18n`, `num`, `description`, `enableFlag`, `editableFlag`, `systemFlag`, `ft`, `lt`, `fu`, `lu`) VALUES ('20150320132938864740109753759035', '20150319164404014069633896457756', '20150320132256479706125468708025', 'nangangqu', '南岗区', NULL, 5, NULL, '1', NULL, NULL, '2015-03-20 13:29:38', NULL, NULL, NULL);
INSERT INTO `sys_dictionaryvalue` (`id`, `id_dictionary`, `id_parent`, `code`, `value`, `valueI18n`, `num`, `description`, `enableFlag`, `editableFlag`, `systemFlag`, `ft`, `lt`, `fu`, `lu`) VALUES ('20150320133845859802029137965056', '20150320133816442823746892497061', NULL, 'man', '男', '', 1, NULL, '1', NULL, NULL, '2015-03-20 13:38:45', '2015-03-20 13:42:23', NULL, NULL);
INSERT INTO `sys_dictionaryvalue` (`id`, `id_dictionary`, `id_parent`, `code`, `value`, `valueI18n`, `num`, `description`, `enableFlag`, `editableFlag`, `systemFlag`, `ft`, `lt`, `fu`, `lu`) VALUES ('20150320133857897198099292689164', '20150320133816442823746892497061', NULL, 'nv', '女', '', 2, NULL, '1', NULL, NULL, '2015-03-20 13:38:57', '2015-03-20 13:42:29', NULL, NULL);
INSERT INTO `sys_dictionaryvalue` (`id`, `id_dictionary`, `id_parent`, `code`, `value`, `valueI18n`, `num`, `description`, `enableFlag`, `editableFlag`, `systemFlag`, `ft`, `lt`, `fu`, `lu`) VALUES ('20150320133947766247913537554503', '20150320133835075948615051431634', NULL, 'china', '中国', '', 1, NULL, '1', NULL, NULL, '2015-03-20 13:39:47', '2015-03-20 13:42:35', NULL, NULL);
INSERT INTO `sys_dictionaryvalue` (`id`, `id_dictionary`, `id_parent`, `code`, `value`, `valueI18n`, `num`, `description`, `enableFlag`, `editableFlag`, `systemFlag`, `ft`, `lt`, `fu`, `lu`) VALUES ('20150320134004981359951065650432', '20150320133835075948615051431634', NULL, 'yanguizi', '洋鬼子', '', 2, NULL, '1', NULL, NULL, '2015-03-20 13:40:04', '2015-03-20 13:42:42', NULL, NULL);
INSERT INTO `sys_dictionaryvalue` (`id`, `id_dictionary`, `id_parent`, `code`, `value`, `valueI18n`, `num`, `description`, `enableFlag`, `editableFlag`, `systemFlag`, `ft`, `lt`, `fu`, `lu`) VALUES ('20150320134019897675151405178972', '20150320133835075948615051431634', NULL, 'ribenguizi', '日本鬼子', '', 3, NULL, '1', NULL, NULL, '2015-03-20 13:40:19', '2015-03-20 13:42:49', NULL, NULL);
INSERT INTO `sys_dictionaryvalue` (`id`, `id_dictionary`, `id_parent`, `code`, `value`, `valueI18n`, `num`, `description`, `enableFlag`, `editableFlag`, `systemFlag`, `ft`, `lt`, `fu`, `lu`) VALUES ('20150320134032357066911816866904', '20150320133835075948615051431634', NULL, 'laomaozi', '老毛子', '', 4, NULL, '1', NULL, NULL, '2015-03-20 13:40:32', '2015-03-20 13:42:55', NULL, NULL);
INSERT INTO `sys_dictionaryvalue` (`id`, `id_dictionary`, `id_parent`, `code`, `value`, `valueI18n`, `num`, `description`, `enableFlag`, `editableFlag`, `systemFlag`, `ft`, `lt`, `fu`, `lu`) VALUES ('20150320134126884308120829679747', '20150320134109004086462870140821', NULL, 'pingguo', '苹果', '', 1, NULL, '1', NULL, NULL, '2015-03-20 13:41:26', '2015-03-20 13:42:16', NULL, NULL);
INSERT INTO `sys_dictionaryvalue` (`id`, `id_dictionary`, `id_parent`, `code`, `value`, `valueI18n`, `num`, `description`, `enableFlag`, `editableFlag`, `systemFlag`, `ft`, `lt`, `fu`, `lu`) VALUES ('20150320134144026967590470053807', '20150320134109004086462870140821', NULL, 'xiangjiao', '香蕉', '', 2, NULL, '1', NULL, NULL, '2015-03-20 13:41:44', '2015-03-20 13:42:11', NULL, NULL);
INSERT INTO `sys_dictionaryvalue` (`id`, `id_dictionary`, `id_parent`, `code`, `value`, `valueI18n`, `num`, `description`, `enableFlag`, `editableFlag`, `systemFlag`, `ft`, `lt`, `fu`, `lu`) VALUES ('20150320134204242514465315924107', '20150320134109004086462870140821', NULL, 'chengzi', '橙子', '', 3, NULL, '1', NULL, NULL, '2015-03-20 13:42:04', NULL, NULL, NULL);
INSERT INTO `sys_dictionaryvalue` (`id`, `id_dictionary`, `id_parent`, `code`, `value`, `valueI18n`, `num`, `description`, `enableFlag`, `editableFlag`, `systemFlag`, `ft`, `lt`, `fu`, `lu`) VALUES ('20150320134341125745410434230535', '20150320134109004086462870140821', NULL, 'putao', '葡萄', '', 4, NULL, '1', NULL, NULL, '2015-03-20 13:43:41', '2015-03-20 13:43:47', NULL, NULL);
INSERT INTO `sys_dictionaryvalue` (`id`, `id_dictionary`, `id_parent`, `code`, `value`, `valueI18n`, `num`, `description`, `enableFlag`, `editableFlag`, `systemFlag`, `ft`, `lt`, `fu`, `lu`) VALUES ('20150320134555690309682771382441', '20150320134109004086462870140821', NULL, 'shanzhu', '山竹', '', 5, NULL, '1', NULL, NULL, '2015-03-20 13:45:55', NULL, NULL, NULL);
INSERT INTO `sys_dictionaryvalue` (`id`, `id_dictionary`, `id_parent`, `code`, `value`, `valueI18n`, `num`, `description`, `enableFlag`, `editableFlag`, `systemFlag`, `ft`, `lt`, `fu`, `lu`) VALUES ('20150320134627880349228140070739', '20150320134109004086462870140821', NULL, 'liulian', '榴莲', '', 6, NULL, '1', NULL, NULL, '2015-03-20 13:46:27', NULL, NULL, NULL);

